event_name	location_name	location_id	start_time	finish_time	agent_id
Handover	room 3	3	[1, 3, 0]	[1, 3, 5]	1
Handover	room 4	4	[1, 3, 10]	[1, 3, 15]	1
Handover	room 1	1	[1, 3, 20]	[1, 3, 25]	1
Handover	room 2	2	[1, 3, 30]	[1, 3, 35]	1
Bath	room 3	3	[1, 3, 40]	[1, 3, 70]	1
Vitals	room 3	3	[1, 3, 75]	[1, 3, 85]	1
Vitals	room 4	4	[1, 3, 90]	[1, 3, 100]	1
Vitals	room 1	1	[1, 3, 105]	[1, 3, 115]	1
Short Break	break room	-10	[1, 3, 120]	[1, 3, 130]	1
Vitals	room 2	2	[1, 3, 135]	[1, 3, 145]	1
Medications	room 3	3	[1, 3, 150]	[1, 3, 160]	1
Medications	room 4	4	[1, 3, 165]	[1, 3, 175]	1
Medications	room 1	1	[1, 3, 180]	[1, 3, 190]	1
Medications	room 2	2	[1, 3, 195]	[1, 3, 205]	1
Bath	room 4	4	[1, 3, 210]	[1, 3, 240]	1
Long Break	break room	-10	[1, 3, 245]	[1, 3, 305]	1
Vitals	room 3	3	[1, 3, 310]	[1, 3, 320]	1
Vitals	room 4	4	[1, 3, 325]	[1, 3, 335]	1
Vitals	room 1	1	[1, 3, 340]	[1, 3, 350]	1
Vitals	room 2	2	[1, 3, 355]	[1, 3, 365]	1
Short Break	break room	-10	[1, 3, 370]	[1, 3, 380]	1
Bath	room 1	1	[1, 3, 385]	[1, 3, 415]	1
Bath	room 2	2	[1, 3, 420]	[1, 3, 450]	1
Handover	room 3	3	[2, 1, 0]	[2, 1, 5]	1
Handover	room 4	4	[2, 1, 10]	[2, 1, 15]	1
Handover	room 1	1	[2, 1, 20]	[2, 1, 25]	1
Handover	room 2	2	[2, 1, 30]	[2, 1, 35]	1
Handover	room 3	3	[3, 2, 0]	[3, 2, 5]	1
Handover	room 4	4	[3, 2, 10]	[3, 2, 15]	1
Handover	room 1	1	[3, 2, 20]	[3, 2, 25]	1
Handover	room 2	2	[3, 2, 30]	[3, 2, 35]	1
Vitals	room 3	3	[3, 2, 60]	[3, 2, 70]	1
Vitals	room 4	4	[3, 2, 75]	[3, 2, 85]	1
Vitals	room 1	1	[3, 2, 90]	[3, 2, 100]	1
Vitals	room 2	2	[3, 2, 105]	[3, 2, 115]	1
Short Break	break room	-10	[3, 2, 120]	[3, 2, 130]	1
Medications	room 3	3	[3, 2, 135]	[3, 2, 145]	1
Medications	room 4	4	[3, 2, 150]	[3, 2, 160]	1
Medications	room 1	1	[3, 2, 165]	[3, 2, 175]	1
Medications	room 2	2	[3, 2, 180]	[3, 2, 190]	1
Long Break	break room	-10	[3, 2, 240]	[3, 2, 300]	1
Vitals	room 3	3	[3, 2, 305]	[3, 2, 315]	1
Vitals	room 4	4	[3, 2, 320]	[3, 2, 330]	1
Vitals	room 1	1	[3, 2, 335]	[3, 2, 345]	1
Vitals	room 2	2	[3, 2, 350]	[3, 2, 360]	1
Short Break	break room	-10	[3, 2, 365]	[3, 2, 375]	1
Handover	room 3	3	[3, 3, 0]	[3, 3, 5]	1
Handover	room 4	4	[3, 3, 10]	[3, 3, 15]	1
Handover	room 1	1	[3, 3, 20]	[3, 3, 25]	1
Handover	room 2	2	[3, 3, 30]	[3, 3, 35]	1
Handover	room 3	3	[5, 1, 0]	[5, 1, 5]	1
Handover	room 4	4	[5, 1, 10]	[5, 1, 15]	1
Handover	room 1	1	[5, 1, 20]	[5, 1, 25]	1
Handover	room 2	2	[5, 1, 30]	[5, 1, 35]	1
Vitals	room 3	3	[5, 1, 60]	[5, 1, 70]	1
Vitals	room 4	4	[5, 1, 75]	[5, 1, 85]	1
Vitals	room 1	1	[5, 1, 90]	[5, 1, 100]	1
Vitals	room 2	2	[5, 1, 105]	[5, 1, 115]	1
Short Break	break room	-10	[5, 1, 120]	[5, 1, 130]	1
Medications	room 3	3	[5, 1, 135]	[5, 1, 145]	1
Medications	room 4	4	[5, 1, 150]	[5, 1, 160]	1
Medications	room 1	1	[5, 1, 165]	[5, 1, 175]	1
Medications	room 2	2	[5, 1, 180]	[5, 1, 190]	1
Long Break	break room	-10	[5, 1, 240]	[5, 1, 300]	1
Vitals	room 3	3	[5, 1, 305]	[5, 1, 315]	1
Vitals	room 4	4	[5, 1, 320]	[5, 1, 330]	1
Vitals	room 1	1	[5, 1, 335]	[5, 1, 345]	1
Vitals	room 2	2	[5, 1, 350]	[5, 1, 360]	1
Short Break	break room	-10	[5, 1, 365]	[5, 1, 375]	1
Handover	room 3	3	[5, 2, 0]	[5, 2, 5]	1
Handover	room 4	4	[5, 2, 10]	[5, 2, 15]	1
Handover	room 1	1	[5, 2, 20]	[5, 2, 25]	1
Handover	room 2	2	[5, 2, 30]	[5, 2, 35]	1
Handover	room 3	3	[7, 1, 0]	[7, 1, 5]	1
Handover	room 4	4	[7, 1, 10]	[7, 1, 15]	1
Handover	room 1	1	[7, 1, 20]	[7, 1, 25]	1
Handover	room 2	2	[7, 1, 30]	[7, 1, 35]	1
Vitals	room 3	3	[7, 1, 60]	[7, 1, 70]	1
Vitals	room 4	4	[7, 1, 75]	[7, 1, 85]	1
Vitals	room 1	1	[7, 1, 90]	[7, 1, 100]	1
Vitals	room 2	2	[7, 1, 105]	[7, 1, 115]	1
Short Break	break room	-10	[7, 1, 120]	[7, 1, 130]	1
Medications	room 3	3	[7, 1, 135]	[7, 1, 145]	1
Medications	room 4	4	[7, 1, 150]	[7, 1, 160]	1
Medications	room 1	1	[7, 1, 165]	[7, 1, 175]	1
Medications	room 2	2	[7, 1, 180]	[7, 1, 190]	1
Long Break	break room	-10	[7, 1, 240]	[7, 1, 300]	1
Vitals	room 3	3	[7, 1, 305]	[7, 1, 315]	1
Vitals	room 4	4	[7, 1, 320]	[7, 1, 330]	1
Vitals	room 1	1	[7, 1, 335]	[7, 1, 345]	1
Vitals	room 2	2	[7, 1, 350]	[7, 1, 360]	1
Short Break	break room	-10	[7, 1, 365]	[7, 1, 375]	1
Handover	room 3	3	[7, 2, 0]	[7, 2, 5]	1
Handover	room 4	4	[7, 2, 10]	[7, 2, 15]	1
Handover	room 1	1	[7, 2, 20]	[7, 2, 25]	1
Handover	room 2	2	[7, 2, 30]	[7, 2, 35]	1
Handover	room 3	3	[9, 3, 0]	[9, 3, 5]	1
Handover	room 4	4	[9, 3, 10]	[9, 3, 15]	1
Handover	room 1	1	[9, 3, 20]	[9, 3, 25]	1
Handover	room 2	2	[9, 3, 30]	[9, 3, 35]	1
Bath	room 3	3	[9, 3, 40]	[9, 3, 70]	1
Vitals	room 3	3	[9, 3, 75]	[9, 3, 85]	1
Vitals	room 4	4	[9, 3, 90]	[9, 3, 100]	1
Vitals	room 1	1	[9, 3, 105]	[9, 3, 115]	1
Short Break	break room	-10	[9, 3, 120]	[9, 3, 130]	1
Vitals	room 2	2	[9, 3, 135]	[9, 3, 145]	1
Medications	room 3	3	[9, 3, 150]	[9, 3, 160]	1
Medications	room 4	4	[9, 3, 165]	[9, 3, 175]	1
Medications	room 1	1	[9, 3, 180]	[9, 3, 190]	1
Medications	room 2	2	[9, 3, 195]	[9, 3, 205]	1
Bath	room 4	4	[9, 3, 210]	[9, 3, 240]	1
Long Break	break room	-10	[9, 3, 245]	[9, 3, 305]	1
Vitals	room 3	3	[9, 3, 310]	[9, 3, 320]	1
Vitals	room 4	4	[9, 3, 325]	[9, 3, 335]	1
Vitals	room 1	1	[9, 3, 340]	[9, 3, 350]	1
Vitals	room 2	2	[9, 3, 355]	[9, 3, 365]	1
Short Break	break room	-10	[9, 3, 370]	[9, 3, 380]	1
Bath	room 1	1	[9, 3, 385]	[9, 3, 415]	1
Bath	room 2	2	[9, 3, 420]	[9, 3, 450]	1
Handover	room 3	3	[10, 1, 0]	[10, 1, 5]	1
Handover	room 4	4	[10, 1, 10]	[10, 1, 15]	1
Handover	room 1	1	[10, 1, 20]	[10, 1, 25]	1
Handover	room 2	2	[10, 1, 30]	[10, 1, 35]	1
Handover	room 3	3	[12, 3, 0]	[12, 3, 5]	1
Handover	room 4	4	[12, 3, 10]	[12, 3, 15]	1
Handover	room 1	1	[12, 3, 20]	[12, 3, 25]	1
Handover	room 2	2	[12, 3, 30]	[12, 3, 35]	1
Bath	room 3	3	[12, 3, 40]	[12, 3, 70]	1
Vitals	room 3	3	[12, 3, 75]	[12, 3, 85]	1
Vitals	room 4	4	[12, 3, 90]	[12, 3, 100]	1
Vitals	room 1	1	[12, 3, 105]	[12, 3, 115]	1
Short Break	break room	-10	[12, 3, 120]	[12, 3, 130]	1
Vitals	room 2	2	[12, 3, 135]	[12, 3, 145]	1
Medications	room 3	3	[12, 3, 150]	[12, 3, 160]	1
Medications	room 4	4	[12, 3, 165]	[12, 3, 175]	1
Medications	room 1	1	[12, 3, 180]	[12, 3, 190]	1
Medications	room 2	2	[12, 3, 195]	[12, 3, 205]	1
Bath	room 4	4	[12, 3, 210]	[12, 3, 240]	1
Long Break	break room	-10	[12, 3, 245]	[12, 3, 305]	1
Vitals	room 3	3	[12, 3, 310]	[12, 3, 320]	1
Vitals	room 4	4	[12, 3, 325]	[12, 3, 335]	1
Vitals	room 1	1	[12, 3, 340]	[12, 3, 350]	1
Vitals	room 2	2	[12, 3, 355]	[12, 3, 365]	1
Short Break	break room	-10	[12, 3, 370]	[12, 3, 380]	1
Bath	room 1	1	[12, 3, 385]	[12, 3, 415]	1
Bath	room 2	2	[12, 3, 420]	[12, 3, 450]	1
Handover	room 3	3	[13, 1, 0]	[13, 1, 5]	1
Handover	room 4	4	[13, 1, 10]	[13, 1, 15]	1
Handover	room 1	1	[13, 1, 20]	[13, 1, 25]	1
Handover	room 2	2	[13, 1, 30]	[13, 1, 35]	1
Handover	room 3	3	[14, 2, 0]	[14, 2, 5]	1
Handover	room 4	4	[14, 2, 10]	[14, 2, 15]	1
Handover	room 1	1	[14, 2, 20]	[14, 2, 25]	1
Handover	room 2	2	[14, 2, 30]	[14, 2, 35]	1
Vitals	room 3	3	[14, 2, 60]	[14, 2, 70]	1
Vitals	room 4	4	[14, 2, 75]	[14, 2, 85]	1
Vitals	room 1	1	[14, 2, 90]	[14, 2, 100]	1
Vitals	room 2	2	[14, 2, 105]	[14, 2, 115]	1
Short Break	break room	-10	[14, 2, 120]	[14, 2, 130]	1
Medications	room 3	3	[14, 2, 135]	[14, 2, 145]	1
Medications	room 4	4	[14, 2, 150]	[14, 2, 160]	1
Medications	room 1	1	[14, 2, 165]	[14, 2, 175]	1
Medications	room 2	2	[14, 2, 180]	[14, 2, 190]	1
Long Break	break room	-10	[14, 2, 240]	[14, 2, 300]	1
Vitals	room 3	3	[14, 2, 305]	[14, 2, 315]	1
Vitals	room 4	4	[14, 2, 320]	[14, 2, 330]	1
Vitals	room 1	1	[14, 2, 335]	[14, 2, 345]	1
Vitals	room 2	2	[14, 2, 350]	[14, 2, 360]	1
Short Break	break room	-10	[14, 2, 365]	[14, 2, 375]	1
Handover	room 3	3	[14, 3, 0]	[14, 3, 5]	1
Handover	room 4	4	[14, 3, 10]	[14, 3, 15]	1
Handover	room 1	1	[14, 3, 20]	[14, 3, 25]	1
Handover	room 2	2	[14, 3, 30]	[14, 3, 35]	1
Admission	room 3	3	[1, 1, 0]	[1, 1, 60]	2
Admission	room 4	4	[1, 1, 65]	[1, 1, 125]	2
Short Break	break room	-10	[1, 1, 130]	[1, 1, 140]	2
Vitals	room 3	3	[1, 1, 145]	[1, 1, 155]	2
Vitals	room 4	4	[1, 1, 160]	[1, 1, 170]	2
Medications	room 3	3	[1, 1, 175]	[1, 1, 185]	2
Medications	room 4	4	[1, 1, 190]	[1, 1, 200]	2
Long Break	break room	-10	[1, 1, 240]	[1, 1, 300]	2
Vitals	room 3	3	[1, 1, 305]	[1, 1, 315]	2
Vitals	room 4	4	[1, 1, 320]	[1, 1, 330]	2
Short Break	break room	-10	[1, 1, 360]	[1, 1, 370]	2
Handover	room 3	3	[1, 2, 0]	[1, 2, 5]	2
Handover	room 4	4	[1, 2, 10]	[1, 2, 15]	2
Handover	room 1	1	[1, 2, 20]	[1, 2, 25]	2
Handover	room 2	2	[1, 2, 30]	[1, 2, 35]	2
Handover	room 3	3	[4, 3, 0]	[4, 3, 5]	2
Handover	room 4	4	[4, 3, 10]	[4, 3, 15]	2
Handover	room 1	1	[4, 3, 20]	[4, 3, 25]	2
Handover	room 2	2	[4, 3, 30]	[4, 3, 35]	2
Bath	room 3	3	[4, 3, 40]	[4, 3, 70]	2
Vitals	room 3	3	[4, 3, 75]	[4, 3, 85]	2
Vitals	room 4	4	[4, 3, 90]	[4, 3, 100]	2
Vitals	room 1	1	[4, 3, 105]	[4, 3, 115]	2
Short Break	break room	-10	[4, 3, 120]	[4, 3, 130]	2
Vitals	room 2	2	[4, 3, 135]	[4, 3, 145]	2
Medications	room 3	3	[4, 3, 150]	[4, 3, 160]	2
Medications	room 4	4	[4, 3, 165]	[4, 3, 175]	2
Medications	room 1	1	[4, 3, 180]	[4, 3, 190]	2
Medications	room 2	2	[4, 3, 195]	[4, 3, 205]	2
Bath	room 4	4	[4, 3, 210]	[4, 3, 240]	2
Long Break	break room	-10	[4, 3, 245]	[4, 3, 305]	2
Vitals	room 3	3	[4, 3, 310]	[4, 3, 320]	2
Vitals	room 4	4	[4, 3, 325]	[4, 3, 335]	2
Vitals	room 1	1	[4, 3, 340]	[4, 3, 350]	2
Vitals	room 2	2	[4, 3, 355]	[4, 3, 365]	2
Short Break	break room	-10	[4, 3, 370]	[4, 3, 380]	2
Bath	room 1	1	[4, 3, 385]	[4, 3, 415]	2
Bath	room 2	2	[4, 3, 420]	[4, 3, 450]	2
Handover	room 3	3	[5, 1, 0]	[5, 1, 5]	2
Handover	room 4	4	[5, 1, 10]	[5, 1, 15]	2
Handover	room 1	1	[5, 1, 20]	[5, 1, 25]	2
Handover	room 2	2	[5, 1, 30]	[5, 1, 35]	2
Handover	room 3	3	[6, 2, 0]	[6, 2, 5]	2
Handover	room 4	4	[6, 2, 10]	[6, 2, 15]	2
Handover	room 1	1	[6, 2, 20]	[6, 2, 25]	2
Handover	room 2	2	[6, 2, 30]	[6, 2, 35]	2
Vitals	room 3	3	[6, 2, 60]	[6, 2, 70]	2
Vitals	room 4	4	[6, 2, 75]	[6, 2, 85]	2
Vitals	room 1	1	[6, 2, 90]	[6, 2, 100]	2
Vitals	room 2	2	[6, 2, 105]	[6, 2, 115]	2
Short Break	break room	-10	[6, 2, 120]	[6, 2, 130]	2
Medications	room 3	3	[6, 2, 135]	[6, 2, 145]	2
Medications	room 4	4	[6, 2, 150]	[6, 2, 160]	2
Medications	room 1	1	[6, 2, 165]	[6, 2, 175]	2
Medications	room 2	2	[6, 2, 180]	[6, 2, 190]	2
Long Break	break room	-10	[6, 2, 240]	[6, 2, 300]	2
Vitals	room 3	3	[6, 2, 305]	[6, 2, 315]	2
Vitals	room 4	4	[6, 2, 320]	[6, 2, 330]	2
Vitals	room 1	1	[6, 2, 335]	[6, 2, 345]	2
Vitals	room 2	2	[6, 2, 350]	[6, 2, 360]	2
Short Break	break room	-10	[6, 2, 365]	[6, 2, 375]	2
Handover	room 3	3	[6, 3, 0]	[6, 3, 5]	2
Handover	room 4	4	[6, 3, 10]	[6, 3, 15]	2
Handover	room 1	1	[6, 3, 20]	[6, 3, 25]	2
Handover	room 2	2	[6, 3, 30]	[6, 3, 35]	2
Handover	room 3	3	[7, 3, 0]	[7, 3, 5]	2
Handover	room 4	4	[7, 3, 10]	[7, 3, 15]	2
Handover	room 1	1	[7, 3, 20]	[7, 3, 25]	2
Handover	room 2	2	[7, 3, 30]	[7, 3, 35]	2
Bath	room 3	3	[7, 3, 40]	[7, 3, 70]	2
Vitals	room 3	3	[7, 3, 75]	[7, 3, 85]	2
Vitals	room 4	4	[7, 3, 90]	[7, 3, 100]	2
Vitals	room 1	1	[7, 3, 105]	[7, 3, 115]	2
Short Break	break room	-10	[7, 3, 120]	[7, 3, 130]	2
Vitals	room 2	2	[7, 3, 135]	[7, 3, 145]	2
Medications	room 3	3	[7, 3, 150]	[7, 3, 160]	2
Medications	room 4	4	[7, 3, 165]	[7, 3, 175]	2
Medications	room 1	1	[7, 3, 180]	[7, 3, 190]	2
Medications	room 2	2	[7, 3, 195]	[7, 3, 205]	2
Bath	room 4	4	[7, 3, 210]	[7, 3, 240]	2
Long Break	break room	-10	[7, 3, 245]	[7, 3, 305]	2
Vitals	room 3	3	[7, 3, 310]	[7, 3, 320]	2
Vitals	room 4	4	[7, 3, 325]	[7, 3, 335]	2
Vitals	room 1	1	[7, 3, 340]	[7, 3, 350]	2
Vitals	room 2	2	[7, 3, 355]	[7, 3, 365]	2
Short Break	break room	-10	[7, 3, 370]	[7, 3, 380]	2
Bath	room 1	1	[7, 3, 385]	[7, 3, 415]	2
Bath	room 2	2	[7, 3, 420]	[7, 3, 450]	2
Handover	room 3	3	[8, 1, 0]	[8, 1, 5]	2
Handover	room 4	4	[8, 1, 10]	[8, 1, 15]	2
Handover	room 1	1	[8, 1, 20]	[8, 1, 25]	2
Handover	room 2	2	[8, 1, 30]	[8, 1, 35]	2
Handover	room 3	3	[9, 1, 0]	[9, 1, 5]	2
Handover	room 4	4	[9, 1, 10]	[9, 1, 15]	2
Handover	room 1	1	[9, 1, 20]	[9, 1, 25]	2
Handover	room 2	2	[9, 1, 30]	[9, 1, 35]	2
Vitals	room 3	3	[9, 1, 60]	[9, 1, 70]	2
Vitals	room 4	4	[9, 1, 75]	[9, 1, 85]	2
Vitals	room 1	1	[9, 1, 90]	[9, 1, 100]	2
Vitals	room 2	2	[9, 1, 105]	[9, 1, 115]	2
Short Break	break room	-10	[9, 1, 120]	[9, 1, 130]	2
Medications	room 3	3	[9, 1, 135]	[9, 1, 145]	2
Medications	room 4	4	[9, 1, 150]	[9, 1, 160]	2
Medications	room 1	1	[9, 1, 165]	[9, 1, 175]	2
Medications	room 2	2	[9, 1, 180]	[9, 1, 190]	2
Long Break	break room	-10	[9, 1, 240]	[9, 1, 300]	2
Vitals	room 3	3	[9, 1, 305]	[9, 1, 315]	2
Vitals	room 4	4	[9, 1, 320]	[9, 1, 330]	2
Vitals	room 1	1	[9, 1, 335]	[9, 1, 345]	2
Vitals	room 2	2	[9, 1, 350]	[9, 1, 360]	2
Short Break	break room	-10	[9, 1, 365]	[9, 1, 375]	2
Handover	room 3	3	[9, 2, 0]	[9, 2, 5]	2
Handover	room 4	4	[9, 2, 10]	[9, 2, 15]	2
Handover	room 1	1	[9, 2, 20]	[9, 2, 25]	2
Handover	room 2	2	[9, 2, 30]	[9, 2, 35]	2
Handover	room 3	3	[11, 2, 0]	[11, 2, 5]	2
Handover	room 4	4	[11, 2, 10]	[11, 2, 15]	2
Handover	room 1	1	[11, 2, 20]	[11, 2, 25]	2
Handover	room 2	2	[11, 2, 30]	[11, 2, 35]	2
Vitals	room 3	3	[11, 2, 60]	[11, 2, 70]	2
Vitals	room 4	4	[11, 2, 75]	[11, 2, 85]	2
Vitals	room 1	1	[11, 2, 90]	[11, 2, 100]	2
Vitals	room 2	2	[11, 2, 105]	[11, 2, 115]	2
Short Break	break room	-10	[11, 2, 120]	[11, 2, 130]	2
Medications	room 3	3	[11, 2, 135]	[11, 2, 145]	2
Medications	room 4	4	[11, 2, 150]	[11, 2, 160]	2
Medications	room 1	1	[11, 2, 165]	[11, 2, 175]	2
Medications	room 2	2	[11, 2, 180]	[11, 2, 190]	2
Long Break	break room	-10	[11, 2, 240]	[11, 2, 300]	2
Vitals	room 3	3	[11, 2, 305]	[11, 2, 315]	2
Vitals	room 4	4	[11, 2, 320]	[11, 2, 330]	2
Vitals	room 1	1	[11, 2, 335]	[11, 2, 345]	2
Vitals	room 2	2	[11, 2, 350]	[11, 2, 360]	2
Short Break	break room	-10	[11, 2, 365]	[11, 2, 375]	2
Handover	room 3	3	[11, 3, 0]	[11, 3, 5]	2
Handover	room 4	4	[11, 3, 10]	[11, 3, 15]	2
Handover	room 1	1	[11, 3, 20]	[11, 3, 25]	2
Handover	room 2	2	[11, 3, 30]	[11, 3, 35]	2
Handover	room 3	3	[13, 1, 0]	[13, 1, 5]	2
Handover	room 4	4	[13, 1, 10]	[13, 1, 15]	2
Handover	room 1	1	[13, 1, 20]	[13, 1, 25]	2
Handover	room 2	2	[13, 1, 30]	[13, 1, 35]	2
Vitals	room 3	3	[13, 1, 60]	[13, 1, 70]	2
Vitals	room 4	4	[13, 1, 75]	[13, 1, 85]	2
Vitals	room 1	1	[13, 1, 90]	[13, 1, 100]	2
Vitals	room 2	2	[13, 1, 105]	[13, 1, 115]	2
Short Break	break room	-10	[13, 1, 120]	[13, 1, 130]	2
Medications	room 3	3	[13, 1, 135]	[13, 1, 145]	2
Medications	room 4	4	[13, 1, 150]	[13, 1, 160]	2
Medications	room 1	1	[13, 1, 165]	[13, 1, 175]	2
Medications	room 2	2	[13, 1, 180]	[13, 1, 190]	2
Long Break	break room	-10	[13, 1, 240]	[13, 1, 300]	2
Vitals	room 3	3	[13, 1, 305]	[13, 1, 315]	2
Vitals	room 4	4	[13, 1, 320]	[13, 1, 330]	2
Vitals	room 1	1	[13, 1, 335]	[13, 1, 345]	2
Vitals	room 2	2	[13, 1, 350]	[13, 1, 360]	2
Short Break	break room	-10	[13, 1, 365]	[13, 1, 375]	2
Handover	room 3	3	[13, 2, 0]	[13, 2, 5]	2
Handover	room 4	4	[13, 2, 10]	[13, 2, 15]	2
Handover	room 1	1	[13, 2, 20]	[13, 2, 25]	2
Handover	room 2	2	[13, 2, 30]	[13, 2, 35]	2
Handover	room 3	3	[2, 3, 0]	[2, 3, 5]	3
Handover	room 4	4	[2, 3, 10]	[2, 3, 15]	3
Handover	room 1	1	[2, 3, 20]	[2, 3, 25]	3
Handover	room 2	2	[2, 3, 30]	[2, 3, 35]	3
Bath	room 3	3	[2, 3, 40]	[2, 3, 70]	3
Vitals	room 3	3	[2, 3, 75]	[2, 3, 85]	3
Vitals	room 4	4	[2, 3, 90]	[2, 3, 100]	3
Vitals	room 1	1	[2, 3, 105]	[2, 3, 115]	3
Short Break	break room	-10	[2, 3, 120]	[2, 3, 130]	3
Vitals	room 2	2	[2, 3, 135]	[2, 3, 145]	3
Medications	room 3	3	[2, 3, 150]	[2, 3, 160]	3
Medications	room 4	4	[2, 3, 165]	[2, 3, 175]	3
Medications	room 1	1	[2, 3, 180]	[2, 3, 190]	3
Medications	room 2	2	[2, 3, 195]	[2, 3, 205]	3
Bath	room 4	4	[2, 3, 210]	[2, 3, 240]	3
Long Break	break room	-10	[2, 3, 245]	[2, 3, 305]	3
Vitals	room 3	3	[2, 3, 310]	[2, 3, 320]	3
Vitals	room 4	4	[2, 3, 325]	[2, 3, 335]	3
Vitals	room 1	1	[2, 3, 340]	[2, 3, 350]	3
Vitals	room 2	2	[2, 3, 355]	[2, 3, 365]	3
Short Break	break room	-10	[2, 3, 370]	[2, 3, 380]	3
Bath	room 1	1	[2, 3, 385]	[2, 3, 415]	3
Bath	room 2	2	[2, 3, 420]	[2, 3, 450]	3
Handover	room 3	3	[3, 1, 0]	[3, 1, 5]	3
Handover	room 4	4	[3, 1, 10]	[3, 1, 15]	3
Handover	room 1	1	[3, 1, 20]	[3, 1, 25]	3
Handover	room 2	2	[3, 1, 30]	[3, 1, 35]	3
Handover	room 3	3	[3, 3, 0]	[3, 3, 5]	3
Handover	room 4	4	[3, 3, 10]	[3, 3, 15]	3
Handover	room 1	1	[3, 3, 20]	[3, 3, 25]	3
Handover	room 2	2	[3, 3, 30]	[3, 3, 35]	3
Bath	room 3	3	[3, 3, 40]	[3, 3, 70]	3
Vitals	room 3	3	[3, 3, 75]	[3, 3, 85]	3
Vitals	room 4	4	[3, 3, 90]	[3, 3, 100]	3
Vitals	room 1	1	[3, 3, 105]	[3, 3, 115]	3
Short Break	break room	-10	[3, 3, 120]	[3, 3, 130]	3
Vitals	room 2	2	[3, 3, 135]	[3, 3, 145]	3
Medications	room 3	3	[3, 3, 150]	[3, 3, 160]	3
Medications	room 4	4	[3, 3, 165]	[3, 3, 175]	3
Medications	room 1	1	[3, 3, 180]	[3, 3, 190]	3
Medications	room 2	2	[3, 3, 195]	[3, 3, 205]	3
Bath	room 4	4	[3, 3, 210]	[3, 3, 240]	3
Long Break	break room	-10	[3, 3, 245]	[3, 3, 305]	3
Vitals	room 3	3	[3, 3, 310]	[3, 3, 320]	3
Vitals	room 4	4	[3, 3, 325]	[3, 3, 335]	3
Vitals	room 1	1	[3, 3, 340]	[3, 3, 350]	3
Vitals	room 2	2	[3, 3, 355]	[3, 3, 365]	3
Short Break	break room	-10	[3, 3, 370]	[3, 3, 380]	3
Bath	room 1	1	[3, 3, 385]	[3, 3, 415]	3
Bath	room 2	2	[3, 3, 420]	[3, 3, 450]	3
Handover	room 3	3	[4, 1, 0]	[4, 1, 5]	3
Handover	room 4	4	[4, 1, 10]	[4, 1, 15]	3
Handover	room 1	1	[4, 1, 20]	[4, 1, 25]	3
Handover	room 2	2	[4, 1, 30]	[4, 1, 35]	3
Handover	room 3	3	[5, 3, 0]	[5, 3, 5]	3
Handover	room 4	4	[5, 3, 10]	[5, 3, 15]	3
Handover	room 1	1	[5, 3, 20]	[5, 3, 25]	3
Handover	room 2	2	[5, 3, 30]	[5, 3, 35]	3
Bath	room 3	3	[5, 3, 40]	[5, 3, 70]	3
Vitals	room 3	3	[5, 3, 75]	[5, 3, 85]	3
Vitals	room 4	4	[5, 3, 90]	[5, 3, 100]	3
Vitals	room 1	1	[5, 3, 105]	[5, 3, 115]	3
Short Break	break room	-10	[5, 3, 120]	[5, 3, 130]	3
Vitals	room 2	2	[5, 3, 135]	[5, 3, 145]	3
Medications	room 3	3	[5, 3, 150]	[5, 3, 160]	3
Medications	room 4	4	[5, 3, 165]	[5, 3, 175]	3
Medications	room 1	1	[5, 3, 180]	[5, 3, 190]	3
Medications	room 2	2	[5, 3, 195]	[5, 3, 205]	3
Bath	room 4	4	[5, 3, 210]	[5, 3, 240]	3
Long Break	break room	-10	[5, 3, 245]	[5, 3, 305]	3
Vitals	room 3	3	[5, 3, 310]	[5, 3, 320]	3
Vitals	room 4	4	[5, 3, 325]	[5, 3, 335]	3
Vitals	room 1	1	[5, 3, 340]	[5, 3, 350]	3
Vitals	room 2	2	[5, 3, 355]	[5, 3, 365]	3
Short Break	break room	-10	[5, 3, 370]	[5, 3, 380]	3
Bath	room 1	1	[5, 3, 385]	[5, 3, 415]	3
Bath	room 2	2	[5, 3, 420]	[5, 3, 450]	3
Handover	room 3	3	[6, 1, 0]	[6, 1, 5]	3
Handover	room 4	4	[6, 1, 10]	[6, 1, 15]	3
Handover	room 1	1	[6, 1, 20]	[6, 1, 25]	3
Handover	room 2	2	[6, 1, 30]	[6, 1, 35]	3
Handover	room 3	3	[7, 2, 0]	[7, 2, 5]	3
Handover	room 4	4	[7, 2, 10]	[7, 2, 15]	3
Handover	room 1	1	[7, 2, 20]	[7, 2, 25]	3
Handover	room 2	2	[7, 2, 30]	[7, 2, 35]	3
Vitals	room 3	3	[7, 2, 60]	[7, 2, 70]	3
Vitals	room 4	4	[7, 2, 75]	[7, 2, 85]	3
Vitals	room 1	1	[7, 2, 90]	[7, 2, 100]	3
Vitals	room 2	2	[7, 2, 105]	[7, 2, 115]	3
Short Break	break room	-10	[7, 2, 120]	[7, 2, 130]	3
Medications	room 3	3	[7, 2, 135]	[7, 2, 145]	3
Medications	room 4	4	[7, 2, 150]	[7, 2, 160]	3
Medications	room 1	1	[7, 2, 165]	[7, 2, 175]	3
Medications	room 2	2	[7, 2, 180]	[7, 2, 190]	3
Long Break	break room	-10	[7, 2, 240]	[7, 2, 300]	3
Vitals	room 3	3	[7, 2, 305]	[7, 2, 315]	3
Vitals	room 4	4	[7, 2, 320]	[7, 2, 330]	3
Vitals	room 1	1	[7, 2, 335]	[7, 2, 345]	3
Vitals	room 2	2	[7, 2, 350]	[7, 2, 360]	3
Short Break	break room	-10	[7, 2, 365]	[7, 2, 375]	3
Handover	room 3	3	[7, 3, 0]	[7, 3, 5]	3
Handover	room 4	4	[7, 3, 10]	[7, 3, 15]	3
Handover	room 1	1	[7, 3, 20]	[7, 3, 25]	3
Handover	room 2	2	[7, 3, 30]	[7, 3, 35]	3
Handover	room 3	3	[10, 3, 0]	[10, 3, 5]	3
Handover	room 4	4	[10, 3, 10]	[10, 3, 15]	3
Handover	room 1	1	[10, 3, 20]	[10, 3, 25]	3
Handover	room 2	2	[10, 3, 30]	[10, 3, 35]	3
Bath	room 3	3	[10, 3, 40]	[10, 3, 70]	3
Vitals	room 3	3	[10, 3, 75]	[10, 3, 85]	3
Vitals	room 4	4	[10, 3, 90]	[10, 3, 100]	3
Vitals	room 1	1	[10, 3, 105]	[10, 3, 115]	3
Short Break	break room	-10	[10, 3, 120]	[10, 3, 130]	3
Vitals	room 2	2	[10, 3, 135]	[10, 3, 145]	3
Medications	room 3	3	[10, 3, 150]	[10, 3, 160]	3
Medications	room 4	4	[10, 3, 165]	[10, 3, 175]	3
Medications	room 1	1	[10, 3, 180]	[10, 3, 190]	3
Medications	room 2	2	[10, 3, 195]	[10, 3, 205]	3
Bath	room 4	4	[10, 3, 210]	[10, 3, 240]	3
Long Break	break room	-10	[10, 3, 245]	[10, 3, 305]	3
Vitals	room 3	3	[10, 3, 310]	[10, 3, 320]	3
Vitals	room 4	4	[10, 3, 325]	[10, 3, 335]	3
Vitals	room 1	1	[10, 3, 340]	[10, 3, 350]	3
Vitals	room 2	2	[10, 3, 355]	[10, 3, 365]	3
Short Break	break room	-10	[10, 3, 370]	[10, 3, 380]	3
Bath	room 1	1	[10, 3, 385]	[10, 3, 415]	3
Bath	room 2	2	[10, 3, 420]	[10, 3, 450]	3
Handover	room 3	3	[11, 1, 0]	[11, 1, 5]	3
Handover	room 4	4	[11, 1, 10]	[11, 1, 15]	3
Handover	room 1	1	[11, 1, 20]	[11, 1, 25]	3
Handover	room 2	2	[11, 1, 30]	[11, 1, 35]	3
Handover	room 3	3	[12, 2, 0]	[12, 2, 5]	3
Handover	room 4	4	[12, 2, 10]	[12, 2, 15]	3
Handover	room 1	1	[12, 2, 20]	[12, 2, 25]	3
Handover	room 2	2	[12, 2, 30]	[12, 2, 35]	3
Vitals	room 3	3	[12, 2, 60]	[12, 2, 70]	3
Vitals	room 4	4	[12, 2, 75]	[12, 2, 85]	3
Vitals	room 1	1	[12, 2, 90]	[12, 2, 100]	3
Vitals	room 2	2	[12, 2, 105]	[12, 2, 115]	3
Short Break	break room	-10	[12, 2, 120]	[12, 2, 130]	3
Medications	room 3	3	[12, 2, 135]	[12, 2, 145]	3
Medications	room 4	4	[12, 2, 150]	[12, 2, 160]	3
Medications	room 1	1	[12, 2, 165]	[12, 2, 175]	3
Medications	room 2	2	[12, 2, 180]	[12, 2, 190]	3
Long Break	break room	-10	[12, 2, 240]	[12, 2, 300]	3
Vitals	room 3	3	[12, 2, 305]	[12, 2, 315]	3
Vitals	room 4	4	[12, 2, 320]	[12, 2, 330]	3
Vitals	room 1	1	[12, 2, 335]	[12, 2, 345]	3
Vitals	room 2	2	[12, 2, 350]	[12, 2, 360]	3
Short Break	break room	-10	[12, 2, 365]	[12, 2, 375]	3
Handover	room 3	3	[12, 3, 0]	[12, 3, 5]	3
Handover	room 4	4	[12, 3, 10]	[12, 3, 15]	3
Handover	room 1	1	[12, 3, 20]	[12, 3, 25]	3
Handover	room 2	2	[12, 3, 30]	[12, 3, 35]	3
Handover	room 3	3	[14, 1, 0]	[14, 1, 5]	3
Handover	room 4	4	[14, 1, 10]	[14, 1, 15]	3
Handover	room 1	1	[14, 1, 20]	[14, 1, 25]	3
Handover	room 2	2	[14, 1, 30]	[14, 1, 35]	3
Vitals	room 3	3	[14, 1, 60]	[14, 1, 70]	3
Vitals	room 4	4	[14, 1, 75]	[14, 1, 85]	3
Vitals	room 1	1	[14, 1, 90]	[14, 1, 100]	3
Vitals	room 2	2	[14, 1, 105]	[14, 1, 115]	3
Short Break	break room	-10	[14, 1, 120]	[14, 1, 130]	3
Medications	room 3	3	[14, 1, 135]	[14, 1, 145]	3
Medications	room 4	4	[14, 1, 150]	[14, 1, 160]	3
Medications	room 1	1	[14, 1, 165]	[14, 1, 175]	3
Medications	room 2	2	[14, 1, 180]	[14, 1, 190]	3
Long Break	break room	-10	[14, 1, 240]	[14, 1, 300]	3
Vitals	room 3	3	[14, 1, 305]	[14, 1, 315]	3
Vitals	room 4	4	[14, 1, 320]	[14, 1, 330]	3
Vitals	room 1	1	[14, 1, 335]	[14, 1, 345]	3
Vitals	room 2	2	[14, 1, 350]	[14, 1, 360]	3
Short Break	break room	-10	[14, 1, 365]	[14, 1, 375]	3
Handover	room 3	3	[14, 2, 0]	[14, 2, 5]	3
Handover	room 4	4	[14, 2, 10]	[14, 2, 15]	3
Handover	room 1	1	[14, 2, 20]	[14, 2, 25]	3
Handover	room 2	2	[14, 2, 30]	[14, 2, 35]	3
Handover	room 3	3	[2, 2, 0]	[2, 2, 5]	4
Handover	room 4	4	[2, 2, 10]	[2, 2, 15]	4
Handover	room 1	1	[2, 2, 20]	[2, 2, 25]	4
Handover	room 2	2	[2, 2, 30]	[2, 2, 35]	4
Vitals	room 3	3	[2, 2, 60]	[2, 2, 70]	4
Vitals	room 4	4	[2, 2, 75]	[2, 2, 85]	4
Vitals	room 1	1	[2, 2, 90]	[2, 2, 100]	4
Vitals	room 2	2	[2, 2, 105]	[2, 2, 115]	4
Short Break	break room	-10	[2, 2, 120]	[2, 2, 130]	4
Medications	room 3	3	[2, 2, 135]	[2, 2, 145]	4
Medications	room 4	4	[2, 2, 150]	[2, 2, 160]	4
Medications	room 1	1	[2, 2, 165]	[2, 2, 175]	4
Medications	room 2	2	[2, 2, 180]	[2, 2, 190]	4
Long Break	break room	-10	[2, 2, 240]	[2, 2, 300]	4
Vitals	room 3	3	[2, 2, 305]	[2, 2, 315]	4
Vitals	room 4	4	[2, 2, 320]	[2, 2, 330]	4
Vitals	room 1	1	[2, 2, 335]	[2, 2, 345]	4
Vitals	room 2	2	[2, 2, 350]	[2, 2, 360]	4
Short Break	break room	-10	[2, 2, 365]	[2, 2, 375]	4
Handover	room 3	3	[2, 3, 0]	[2, 3, 5]	4
Handover	room 4	4	[2, 3, 10]	[2, 3, 15]	4
Handover	room 1	1	[2, 3, 20]	[2, 3, 25]	4
Handover	room 2	2	[2, 3, 30]	[2, 3, 35]	4
Handover	room 3	3	[4, 1, 0]	[4, 1, 5]	4
Handover	room 4	4	[4, 1, 10]	[4, 1, 15]	4
Handover	room 1	1	[4, 1, 20]	[4, 1, 25]	4
Handover	room 2	2	[4, 1, 30]	[4, 1, 35]	4
Vitals	room 3	3	[4, 1, 60]	[4, 1, 70]	4
Vitals	room 4	4	[4, 1, 75]	[4, 1, 85]	4
Vitals	room 1	1	[4, 1, 90]	[4, 1, 100]	4
Vitals	room 2	2	[4, 1, 105]	[4, 1, 115]	4
Short Break	break room	-10	[4, 1, 120]	[4, 1, 130]	4
Medications	room 3	3	[4, 1, 135]	[4, 1, 145]	4
Medications	room 4	4	[4, 1, 150]	[4, 1, 160]	4
Medications	room 1	1	[4, 1, 165]	[4, 1, 175]	4
Medications	room 2	2	[4, 1, 180]	[4, 1, 190]	4
Long Break	break room	-10	[4, 1, 240]	[4, 1, 300]	4
Vitals	room 3	3	[4, 1, 305]	[4, 1, 315]	4
Vitals	room 4	4	[4, 1, 320]	[4, 1, 330]	4
Vitals	room 1	1	[4, 1, 335]	[4, 1, 345]	4
Vitals	room 2	2	[4, 1, 350]	[4, 1, 360]	4
Short Break	break room	-10	[4, 1, 365]	[4, 1, 375]	4
Handover	room 3	3	[4, 2, 0]	[4, 2, 5]	4
Handover	room 4	4	[4, 2, 10]	[4, 2, 15]	4
Handover	room 1	1	[4, 2, 20]	[4, 2, 25]	4
Handover	room 2	2	[4, 2, 30]	[4, 2, 35]	4
Handover	room 3	3	[5, 2, 0]	[5, 2, 5]	4
Handover	room 4	4	[5, 2, 10]	[5, 2, 15]	4
Handover	room 1	1	[5, 2, 20]	[5, 2, 25]	4
Handover	room 2	2	[5, 2, 30]	[5, 2, 35]	4
Vitals	room 3	3	[5, 2, 60]	[5, 2, 70]	4
Vitals	room 4	4	[5, 2, 75]	[5, 2, 85]	4
Vitals	room 1	1	[5, 2, 90]	[5, 2, 100]	4
Vitals	room 2	2	[5, 2, 105]	[5, 2, 115]	4
Short Break	break room	-10	[5, 2, 120]	[5, 2, 130]	4
Medications	room 3	3	[5, 2, 135]	[5, 2, 145]	4
Medications	room 4	4	[5, 2, 150]	[5, 2, 160]	4
Medications	room 1	1	[5, 2, 165]	[5, 2, 175]	4
Medications	room 2	2	[5, 2, 180]	[5, 2, 190]	4
Long Break	break room	-10	[5, 2, 240]	[5, 2, 300]	4
Vitals	room 3	3	[5, 2, 305]	[5, 2, 315]	4
Vitals	room 4	4	[5, 2, 320]	[5, 2, 330]	4
Vitals	room 1	1	[5, 2, 335]	[5, 2, 345]	4
Vitals	room 2	2	[5, 2, 350]	[5, 2, 360]	4
Short Break	break room	-10	[5, 2, 365]	[5, 2, 375]	4
Handover	room 3	3	[5, 3, 0]	[5, 3, 5]	4
Handover	room 4	4	[5, 3, 10]	[5, 3, 15]	4
Handover	room 1	1	[5, 3, 20]	[5, 3, 25]	4
Handover	room 2	2	[5, 3, 30]	[5, 3, 35]	4
Handover	room 3	3	[8, 3, 0]	[8, 3, 5]	4
Handover	room 4	4	[8, 3, 10]	[8, 3, 15]	4
Handover	room 1	1	[8, 3, 20]	[8, 3, 25]	4
Handover	room 2	2	[8, 3, 30]	[8, 3, 35]	4
Bath	room 3	3	[8, 3, 40]	[8, 3, 70]	4
Vitals	room 3	3	[8, 3, 75]	[8, 3, 85]	4
Vitals	room 4	4	[8, 3, 90]	[8, 3, 100]	4
Vitals	room 1	1	[8, 3, 105]	[8, 3, 115]	4
Short Break	break room	-10	[8, 3, 120]	[8, 3, 130]	4
Vitals	room 2	2	[8, 3, 135]	[8, 3, 145]	4
Medications	room 3	3	[8, 3, 150]	[8, 3, 160]	4
Medications	room 4	4	[8, 3, 165]	[8, 3, 175]	4
Medications	room 1	1	[8, 3, 180]	[8, 3, 190]	4
Medications	room 2	2	[8, 3, 195]	[8, 3, 205]	4
Bath	room 4	4	[8, 3, 210]	[8, 3, 240]	4
Long Break	break room	-10	[8, 3, 245]	[8, 3, 305]	4
Vitals	room 3	3	[8, 3, 310]	[8, 3, 320]	4
Vitals	room 4	4	[8, 3, 325]	[8, 3, 335]	4
Vitals	room 1	1	[8, 3, 340]	[8, 3, 350]	4
Vitals	room 2	2	[8, 3, 355]	[8, 3, 365]	4
Short Break	break room	-10	[8, 3, 370]	[8, 3, 380]	4
Bath	room 1	1	[8, 3, 385]	[8, 3, 415]	4
Bath	room 2	2	[8, 3, 420]	[8, 3, 450]	4
Handover	room 3	3	[9, 1, 0]	[9, 1, 5]	4
Handover	room 4	4	[9, 1, 10]	[9, 1, 15]	4
Handover	room 1	1	[9, 1, 20]	[9, 1, 25]	4
Handover	room 2	2	[9, 1, 30]	[9, 1, 35]	4
Handover	room 3	3	[10, 1, 0]	[10, 1, 5]	4
Handover	room 4	4	[10, 1, 10]	[10, 1, 15]	4
Handover	room 1	1	[10, 1, 20]	[10, 1, 25]	4
Handover	room 2	2	[10, 1, 30]	[10, 1, 35]	4
Vitals	room 3	3	[10, 1, 60]	[10, 1, 70]	4
Vitals	room 4	4	[10, 1, 75]	[10, 1, 85]	4
Vitals	room 1	1	[10, 1, 90]	[10, 1, 100]	4
Vitals	room 2	2	[10, 1, 105]	[10, 1, 115]	4
Short Break	break room	-10	[10, 1, 120]	[10, 1, 130]	4
Medications	room 3	3	[10, 1, 135]	[10, 1, 145]	4
Medications	room 4	4	[10, 1, 150]	[10, 1, 160]	4
Medications	room 1	1	[10, 1, 165]	[10, 1, 175]	4
Medications	room 2	2	[10, 1, 180]	[10, 1, 190]	4
Long Break	break room	-10	[10, 1, 240]	[10, 1, 300]	4
Vitals	room 3	3	[10, 1, 305]	[10, 1, 315]	4
Vitals	room 4	4	[10, 1, 320]	[10, 1, 330]	4
Vitals	room 1	1	[10, 1, 335]	[10, 1, 345]	4
Vitals	room 2	2	[10, 1, 350]	[10, 1, 360]	4
Short Break	break room	-10	[10, 1, 365]	[10, 1, 375]	4
Handover	room 3	3	[10, 2, 0]	[10, 2, 5]	4
Handover	room 4	4	[10, 2, 10]	[10, 2, 15]	4
Handover	room 1	1	[10, 2, 20]	[10, 2, 25]	4
Handover	room 2	2	[10, 2, 30]	[10, 2, 35]	4
Handover	room 3	3	[11, 3, 0]	[11, 3, 5]	4
Handover	room 4	4	[11, 3, 10]	[11, 3, 15]	4
Handover	room 1	1	[11, 3, 20]	[11, 3, 25]	4
Handover	room 2	2	[11, 3, 30]	[11, 3, 35]	4
Bath	room 3	3	[11, 3, 40]	[11, 3, 70]	4
Vitals	room 3	3	[11, 3, 75]	[11, 3, 85]	4
Vitals	room 4	4	[11, 3, 90]	[11, 3, 100]	4
Vitals	room 1	1	[11, 3, 105]	[11, 3, 115]	4
Short Break	break room	-10	[11, 3, 120]	[11, 3, 130]	4
Vitals	room 2	2	[11, 3, 135]	[11, 3, 145]	4
Medications	room 3	3	[11, 3, 150]	[11, 3, 160]	4
Medications	room 4	4	[11, 3, 165]	[11, 3, 175]	4
Medications	room 1	1	[11, 3, 180]	[11, 3, 190]	4
Medications	room 2	2	[11, 3, 195]	[11, 3, 205]	4
Bath	room 4	4	[11, 3, 210]	[11, 3, 240]	4
Long Break	break room	-10	[11, 3, 245]	[11, 3, 305]	4
Vitals	room 3	3	[11, 3, 310]	[11, 3, 320]	4
Vitals	room 4	4	[11, 3, 325]	[11, 3, 335]	4
Vitals	room 1	1	[11, 3, 340]	[11, 3, 350]	4
Vitals	room 2	2	[11, 3, 355]	[11, 3, 365]	4
Short Break	break room	-10	[11, 3, 370]	[11, 3, 380]	4
Bath	room 1	1	[11, 3, 385]	[11, 3, 415]	4
Bath	room 2	2	[11, 3, 420]	[11, 3, 450]	4
Handover	room 3	3	[12, 1, 0]	[12, 1, 5]	4
Handover	room 4	4	[12, 1, 10]	[12, 1, 15]	4
Handover	room 1	1	[12, 1, 20]	[12, 1, 25]	4
Handover	room 2	2	[12, 1, 30]	[12, 1, 35]	4
Handover	room 3	3	[13, 2, 0]	[13, 2, 5]	4
Handover	room 4	4	[13, 2, 10]	[13, 2, 15]	4
Handover	room 1	1	[13, 2, 20]	[13, 2, 25]	4
Handover	room 2	2	[13, 2, 30]	[13, 2, 35]	4
Vitals	room 3	3	[13, 2, 60]	[13, 2, 70]	4
Vitals	room 4	4	[13, 2, 75]	[13, 2, 85]	4
Vitals	room 1	1	[13, 2, 90]	[13, 2, 100]	4
Vitals	room 2	2	[13, 2, 105]	[13, 2, 115]	4
Short Break	break room	-10	[13, 2, 120]	[13, 2, 130]	4
Medications	room 3	3	[13, 2, 135]	[13, 2, 145]	4
Medications	room 4	4	[13, 2, 150]	[13, 2, 160]	4
Medications	room 1	1	[13, 2, 165]	[13, 2, 175]	4
Medications	room 2	2	[13, 2, 180]	[13, 2, 190]	4
Long Break	break room	-10	[13, 2, 240]	[13, 2, 300]	4
Vitals	room 3	3	[13, 2, 305]	[13, 2, 315]	4
Vitals	room 4	4	[13, 2, 320]	[13, 2, 330]	4
Vitals	room 1	1	[13, 2, 335]	[13, 2, 345]	4
Vitals	room 2	2	[13, 2, 350]	[13, 2, 360]	4
Short Break	break room	-10	[13, 2, 365]	[13, 2, 375]	4
Handover	room 3	3	[13, 3, 0]	[13, 3, 5]	4
Handover	room 4	4	[13, 3, 10]	[13, 3, 15]	4
Handover	room 1	1	[13, 3, 20]	[13, 3, 25]	4
Handover	room 2	2	[13, 3, 30]	[13, 3, 35]	4
Handover	room 3	3	[2, 1, 0]	[2, 1, 5]	5
Handover	room 4	4	[2, 1, 10]	[2, 1, 15]	5
Handover	room 1	1	[2, 1, 20]	[2, 1, 25]	5
Handover	room 2	2	[2, 1, 30]	[2, 1, 35]	5
Vitals	room 3	3	[2, 1, 60]	[2, 1, 70]	5
Vitals	room 4	4	[2, 1, 75]	[2, 1, 85]	5
Vitals	room 1	1	[2, 1, 90]	[2, 1, 100]	5
Vitals	room 2	2	[2, 1, 105]	[2, 1, 115]	5
Short Break	break room	-10	[2, 1, 120]	[2, 1, 130]	5
Medications	room 3	3	[2, 1, 135]	[2, 1, 145]	5
Medications	room 4	4	[2, 1, 150]	[2, 1, 160]	5
Medications	room 1	1	[2, 1, 165]	[2, 1, 175]	5
Medications	room 2	2	[2, 1, 180]	[2, 1, 190]	5
Long Break	break room	-10	[2, 1, 240]	[2, 1, 300]	5
Vitals	room 3	3	[2, 1, 305]	[2, 1, 315]	5
Vitals	room 4	4	[2, 1, 320]	[2, 1, 330]	5
Vitals	room 1	1	[2, 1, 335]	[2, 1, 345]	5
Vitals	room 2	2	[2, 1, 350]	[2, 1, 360]	5
Short Break	break room	-10	[2, 1, 365]	[2, 1, 375]	5
Handover	room 3	3	[2, 2, 0]	[2, 2, 5]	5
Handover	room 4	4	[2, 2, 10]	[2, 2, 15]	5
Handover	room 1	1	[2, 2, 20]	[2, 2, 25]	5
Handover	room 2	2	[2, 2, 30]	[2, 2, 35]	5
Handover	room 3	3	[4, 2, 0]	[4, 2, 5]	5
Handover	room 4	4	[4, 2, 10]	[4, 2, 15]	5
Handover	room 1	1	[4, 2, 20]	[4, 2, 25]	5
Handover	room 2	2	[4, 2, 30]	[4, 2, 35]	5
Vitals	room 3	3	[4, 2, 60]	[4, 2, 70]	5
Vitals	room 4	4	[4, 2, 75]	[4, 2, 85]	5
Vitals	room 1	1	[4, 2, 90]	[4, 2, 100]	5
Vitals	room 2	2	[4, 2, 105]	[4, 2, 115]	5
Short Break	break room	-10	[4, 2, 120]	[4, 2, 130]	5
Medications	room 3	3	[4, 2, 135]	[4, 2, 145]	5
Medications	room 4	4	[4, 2, 150]	[4, 2, 160]	5
Medications	room 1	1	[4, 2, 165]	[4, 2, 175]	5
Medications	room 2	2	[4, 2, 180]	[4, 2, 190]	5
Long Break	break room	-10	[4, 2, 240]	[4, 2, 300]	5
Vitals	room 3	3	[4, 2, 305]	[4, 2, 315]	5
Vitals	room 4	4	[4, 2, 320]	[4, 2, 330]	5
Vitals	room 1	1	[4, 2, 335]	[4, 2, 345]	5
Vitals	room 2	2	[4, 2, 350]	[4, 2, 360]	5
Short Break	break room	-10	[4, 2, 365]	[4, 2, 375]	5
Handover	room 3	3	[4, 3, 0]	[4, 3, 5]	5
Handover	room 4	4	[4, 3, 10]	[4, 3, 15]	5
Handover	room 1	1	[4, 3, 20]	[4, 3, 25]	5
Handover	room 2	2	[4, 3, 30]	[4, 3, 35]	5
Handover	room 3	3	[6, 1, 0]	[6, 1, 5]	5
Handover	room 4	4	[6, 1, 10]	[6, 1, 15]	5
Handover	room 1	1	[6, 1, 20]	[6, 1, 25]	5
Handover	room 2	2	[6, 1, 30]	[6, 1, 35]	5
Vitals	room 3	3	[6, 1, 60]	[6, 1, 70]	5
Vitals	room 4	4	[6, 1, 75]	[6, 1, 85]	5
Vitals	room 1	1	[6, 1, 90]	[6, 1, 100]	5
Vitals	room 2	2	[6, 1, 105]	[6, 1, 115]	5
Short Break	break room	-10	[6, 1, 120]	[6, 1, 130]	5
Medications	room 3	3	[6, 1, 135]	[6, 1, 145]	5
Medications	room 4	4	[6, 1, 150]	[6, 1, 160]	5
Medications	room 1	1	[6, 1, 165]	[6, 1, 175]	5
Medications	room 2	2	[6, 1, 180]	[6, 1, 190]	5
Long Break	break room	-10	[6, 1, 240]	[6, 1, 300]	5
Vitals	room 3	3	[6, 1, 305]	[6, 1, 315]	5
Vitals	room 4	4	[6, 1, 320]	[6, 1, 330]	5
Vitals	room 1	1	[6, 1, 335]	[6, 1, 345]	5
Vitals	room 2	2	[6, 1, 350]	[6, 1, 360]	5
Short Break	break room	-10	[6, 1, 365]	[6, 1, 375]	5
Handover	room 3	3	[6, 2, 0]	[6, 2, 5]	5
Handover	room 4	4	[6, 2, 10]	[6, 2, 15]	5
Handover	room 1	1	[6, 2, 20]	[6, 2, 25]	5
Handover	room 2	2	[6, 2, 30]	[6, 2, 35]	5
Handover	room 3	3	[8, 2, 0]	[8, 2, 5]	5
Handover	room 4	4	[8, 2, 10]	[8, 2, 15]	5
Handover	room 1	1	[8, 2, 20]	[8, 2, 25]	5
Handover	room 2	2	[8, 2, 30]	[8, 2, 35]	5
Vitals	room 3	3	[8, 2, 60]	[8, 2, 70]	5
Vitals	room 4	4	[8, 2, 75]	[8, 2, 85]	5
Vitals	room 1	1	[8, 2, 90]	[8, 2, 100]	5
Vitals	room 2	2	[8, 2, 105]	[8, 2, 115]	5
Short Break	break room	-10	[8, 2, 120]	[8, 2, 130]	5
Medications	room 3	3	[8, 2, 135]	[8, 2, 145]	5
Medications	room 4	4	[8, 2, 150]	[8, 2, 160]	5
Medications	room 1	1	[8, 2, 165]	[8, 2, 175]	5
Medications	room 2	2	[8, 2, 180]	[8, 2, 190]	5
Long Break	break room	-10	[8, 2, 240]	[8, 2, 300]	5
Vitals	room 3	3	[8, 2, 305]	[8, 2, 315]	5
Vitals	room 4	4	[8, 2, 320]	[8, 2, 330]	5
Vitals	room 1	1	[8, 2, 335]	[8, 2, 345]	5
Vitals	room 2	2	[8, 2, 350]	[8, 2, 360]	5
Short Break	break room	-10	[8, 2, 365]	[8, 2, 375]	5
Handover	room 3	3	[8, 3, 0]	[8, 3, 5]	5
Handover	room 4	4	[8, 3, 10]	[8, 3, 15]	5
Handover	room 1	1	[8, 3, 20]	[8, 3, 25]	5
Handover	room 2	2	[8, 3, 30]	[8, 3, 35]	5
Handover	room 3	3	[10, 2, 0]	[10, 2, 5]	5
Handover	room 4	4	[10, 2, 10]	[10, 2, 15]	5
Handover	room 1	1	[10, 2, 20]	[10, 2, 25]	5
Handover	room 2	2	[10, 2, 30]	[10, 2, 35]	5
Vitals	room 3	3	[10, 2, 60]	[10, 2, 70]	5
Vitals	room 4	4	[10, 2, 75]	[10, 2, 85]	5
Vitals	room 1	1	[10, 2, 90]	[10, 2, 100]	5
Vitals	room 2	2	[10, 2, 105]	[10, 2, 115]	5
Short Break	break room	-10	[10, 2, 120]	[10, 2, 130]	5
Medications	room 3	3	[10, 2, 135]	[10, 2, 145]	5
Medications	room 4	4	[10, 2, 150]	[10, 2, 160]	5
Medications	room 1	1	[10, 2, 165]	[10, 2, 175]	5
Medications	room 2	2	[10, 2, 180]	[10, 2, 190]	5
Long Break	break room	-10	[10, 2, 240]	[10, 2, 300]	5
Vitals	room 3	3	[10, 2, 305]	[10, 2, 315]	5
Vitals	room 4	4	[10, 2, 320]	[10, 2, 330]	5
Vitals	room 1	1	[10, 2, 335]	[10, 2, 345]	5
Vitals	room 2	2	[10, 2, 350]	[10, 2, 360]	5
Short Break	break room	-10	[10, 2, 365]	[10, 2, 375]	5
Handover	room 3	3	[10, 3, 0]	[10, 3, 5]	5
Handover	room 4	4	[10, 3, 10]	[10, 3, 15]	5
Handover	room 1	1	[10, 3, 20]	[10, 3, 25]	5
Handover	room 2	2	[10, 3, 30]	[10, 3, 35]	5
Handover	room 3	3	[12, 1, 0]	[12, 1, 5]	5
Handover	room 4	4	[12, 1, 10]	[12, 1, 15]	5
Handover	room 1	1	[12, 1, 20]	[12, 1, 25]	5
Handover	room 2	2	[12, 1, 30]	[12, 1, 35]	5
Vitals	room 3	3	[12, 1, 60]	[12, 1, 70]	5
Vitals	room 4	4	[12, 1, 75]	[12, 1, 85]	5
Vitals	room 1	1	[12, 1, 90]	[12, 1, 100]	5
Vitals	room 2	2	[12, 1, 105]	[12, 1, 115]	5
Short Break	break room	-10	[12, 1, 120]	[12, 1, 130]	5
Medications	room 3	3	[12, 1, 135]	[12, 1, 145]	5
Medications	room 4	4	[12, 1, 150]	[12, 1, 160]	5
Medications	room 1	1	[12, 1, 165]	[12, 1, 175]	5
Medications	room 2	2	[12, 1, 180]	[12, 1, 190]	5
Long Break	break room	-10	[12, 1, 240]	[12, 1, 300]	5
Vitals	room 3	3	[12, 1, 305]	[12, 1, 315]	5
Vitals	room 4	4	[12, 1, 320]	[12, 1, 330]	5
Vitals	room 1	1	[12, 1, 335]	[12, 1, 345]	5
Vitals	room 2	2	[12, 1, 350]	[12, 1, 360]	5
Short Break	break room	-10	[12, 1, 365]	[12, 1, 375]	5
Handover	room 3	3	[12, 2, 0]	[12, 2, 5]	5
Handover	room 4	4	[12, 2, 10]	[12, 2, 15]	5
Handover	room 1	1	[12, 2, 20]	[12, 2, 25]	5
Handover	room 2	2	[12, 2, 30]	[12, 2, 35]	5
Handover	room 3	3	[14, 3, 0]	[14, 3, 5]	5
Handover	room 4	4	[14, 3, 10]	[14, 3, 15]	5
Handover	room 1	1	[14, 3, 20]	[14, 3, 25]	5
Handover	room 2	2	[14, 3, 30]	[14, 3, 35]	5
Bath	room 1	1	[14, 3, 40]	[14, 3, 70]	5
Vitals	room 3	3	[14, 3, 75]	[14, 3, 85]	5
Vitals	room 4	4	[14, 3, 90]	[14, 3, 100]	5
Vitals	room 1	1	[14, 3, 105]	[14, 3, 115]	5
Short Break	break room	-10	[14, 3, 120]	[14, 3, 130]	5
Vitals	room 2	2	[14, 3, 135]	[14, 3, 145]	5
Discharge	room 3	3	[14, 3, 150]	[14, 3, 210]	5
Discharge	room 4	4	[14, 3, 215]	[14, 3, 275]	5
Long Break	break room	-10	[14, 3, 280]	[14, 3, 340]	5
Medications	room 1	1	[14, 3, 345]	[14, 3, 355]	5
Short Break	break room	-10	[14, 3, 360]	[14, 3, 370]	5
Medications	room 2	2	[14, 3, 375]	[14, 3, 385]	5
Vitals	room 1	1	[14, 3, 390]	[14, 3, 400]	5
Vitals	room 2	2	[14, 3, 405]	[14, 3, 415]	5
Bath	room 2	2	[14, 3, 420]	[14, 3, 450]	5
Handover	room 3	3	[1, 2, 0]	[1, 2, 5]	6
Handover	room 4	4	[1, 2, 10]	[1, 2, 15]	6
Handover	room 1	1	[1, 2, 20]	[1, 2, 25]	6
Handover	room 2	2	[1, 2, 30]	[1, 2, 35]	6
Admission	room 1	1	[1, 2, 40]	[1, 2, 100]	6
Vitals	room 3	3	[1, 2, 105]	[1, 2, 115]	6
Short Break	break room	-10	[1, 2, 120]	[1, 2, 130]	6
Vitals	room 4	4	[1, 2, 135]	[1, 2, 145]	6
Admission	room 2	2	[1, 2, 150]	[1, 2, 210]	6
Medications	room 3	3	[1, 2, 215]	[1, 2, 225]	6
Medications	room 4	4	[1, 2, 230]	[1, 2, 240]	6
Long Break	break room	-10	[1, 2, 245]	[1, 2, 305]	6
Vitals	room 1	1	[1, 2, 310]	[1, 2, 320]	6
Vitals	room 2	2	[1, 2, 325]	[1, 2, 335]	6
Vitals	room 3	3	[1, 2, 340]	[1, 2, 350]	6
Vitals	room 4	4	[1, 2, 355]	[1, 2, 365]	6
Short Break	break room	-10	[1, 2, 370]	[1, 2, 380]	6
Medications	room 1	1	[1, 2, 385]	[1, 2, 395]	6
Medications	room 2	2	[1, 2, 400]	[1, 2, 410]	6
Vitals	room 1	1	[1, 2, 415]	[1, 2, 425]	6
Vitals	room 2	2	[1, 2, 430]	[1, 2, 440]	6
Handover	room 3	3	[1, 3, 0]	[1, 3, 5]	6
Handover	room 4	4	[1, 3, 10]	[1, 3, 15]	6
Handover	room 1	1	[1, 3, 20]	[1, 3, 25]	6
Handover	room 2	2	[1, 3, 30]	[1, 3, 35]	6
Handover	room 3	3	[3, 1, 0]	[3, 1, 5]	6
Handover	room 4	4	[3, 1, 10]	[3, 1, 15]	6
Handover	room 1	1	[3, 1, 20]	[3, 1, 25]	6
Handover	room 2	2	[3, 1, 30]	[3, 1, 35]	6
Vitals	room 3	3	[3, 1, 60]	[3, 1, 70]	6
Vitals	room 4	4	[3, 1, 75]	[3, 1, 85]	6
Vitals	room 1	1	[3, 1, 90]	[3, 1, 100]	6
Vitals	room 2	2	[3, 1, 105]	[3, 1, 115]	6
Short Break	break room	-10	[3, 1, 120]	[3, 1, 130]	6
Medications	room 3	3	[3, 1, 135]	[3, 1, 145]	6
Medications	room 4	4	[3, 1, 150]	[3, 1, 160]	6
Medications	room 1	1	[3, 1, 165]	[3, 1, 175]	6
Medications	room 2	2	[3, 1, 180]	[3, 1, 190]	6
Long Break	break room	-10	[3, 1, 240]	[3, 1, 300]	6
Vitals	room 3	3	[3, 1, 305]	[3, 1, 315]	6
Vitals	room 4	4	[3, 1, 320]	[3, 1, 330]	6
Vitals	room 1	1	[3, 1, 335]	[3, 1, 345]	6
Vitals	room 2	2	[3, 1, 350]	[3, 1, 360]	6
Short Break	break room	-10	[3, 1, 365]	[3, 1, 375]	6
Handover	room 3	3	[3, 2, 0]	[3, 2, 5]	6
Handover	room 4	4	[3, 2, 10]	[3, 2, 15]	6
Handover	room 1	1	[3, 2, 20]	[3, 2, 25]	6
Handover	room 2	2	[3, 2, 30]	[3, 2, 35]	6
Handover	room 3	3	[6, 3, 0]	[6, 3, 5]	6
Handover	room 4	4	[6, 3, 10]	[6, 3, 15]	6
Handover	room 1	1	[6, 3, 20]	[6, 3, 25]	6
Handover	room 2	2	[6, 3, 30]	[6, 3, 35]	6
Bath	room 3	3	[6, 3, 40]	[6, 3, 70]	6
Vitals	room 3	3	[6, 3, 75]	[6, 3, 85]	6
Vitals	room 4	4	[6, 3, 90]	[6, 3, 100]	6
Vitals	room 1	1	[6, 3, 105]	[6, 3, 115]	6
Short Break	break room	-10	[6, 3, 120]	[6, 3, 130]	6
Vitals	room 2	2	[6, 3, 135]	[6, 3, 145]	6
Medications	room 3	3	[6, 3, 150]	[6, 3, 160]	6
Medications	room 4	4	[6, 3, 165]	[6, 3, 175]	6
Medications	room 1	1	[6, 3, 180]	[6, 3, 190]	6
Medications	room 2	2	[6, 3, 195]	[6, 3, 205]	6
Bath	room 4	4	[6, 3, 210]	[6, 3, 240]	6
Long Break	break room	-10	[6, 3, 245]	[6, 3, 305]	6
Vitals	room 3	3	[6, 3, 310]	[6, 3, 320]	6
Vitals	room 4	4	[6, 3, 325]	[6, 3, 335]	6
Vitals	room 1	1	[6, 3, 340]	[6, 3, 350]	6
Vitals	room 2	2	[6, 3, 355]	[6, 3, 365]	6
Short Break	break room	-10	[6, 3, 370]	[6, 3, 380]	6
Bath	room 1	1	[6, 3, 385]	[6, 3, 415]	6
Bath	room 2	2	[6, 3, 420]	[6, 3, 450]	6
Handover	room 3	3	[7, 1, 0]	[7, 1, 5]	6
Handover	room 4	4	[7, 1, 10]	[7, 1, 15]	6
Handover	room 1	1	[7, 1, 20]	[7, 1, 25]	6
Handover	room 2	2	[7, 1, 30]	[7, 1, 35]	6
Handover	room 3	3	[8, 1, 0]	[8, 1, 5]	6
Handover	room 4	4	[8, 1, 10]	[8, 1, 15]	6
Handover	room 1	1	[8, 1, 20]	[8, 1, 25]	6
Handover	room 2	2	[8, 1, 30]	[8, 1, 35]	6
Vitals	room 3	3	[8, 1, 60]	[8, 1, 70]	6
Vitals	room 4	4	[8, 1, 75]	[8, 1, 85]	6
Vitals	room 1	1	[8, 1, 90]	[8, 1, 100]	6
Vitals	room 2	2	[8, 1, 105]	[8, 1, 115]	6
Short Break	break room	-10	[8, 1, 120]	[8, 1, 130]	6
Medications	room 3	3	[8, 1, 135]	[8, 1, 145]	6
Medications	room 4	4	[8, 1, 150]	[8, 1, 160]	6
Medications	room 1	1	[8, 1, 165]	[8, 1, 175]	6
Medications	room 2	2	[8, 1, 180]	[8, 1, 190]	6
Long Break	break room	-10	[8, 1, 240]	[8, 1, 300]	6
Vitals	room 3	3	[8, 1, 305]	[8, 1, 315]	6
Vitals	room 4	4	[8, 1, 320]	[8, 1, 330]	6
Vitals	room 1	1	[8, 1, 335]	[8, 1, 345]	6
Vitals	room 2	2	[8, 1, 350]	[8, 1, 360]	6
Short Break	break room	-10	[8, 1, 365]	[8, 1, 375]	6
Handover	room 3	3	[8, 2, 0]	[8, 2, 5]	6
Handover	room 4	4	[8, 2, 10]	[8, 2, 15]	6
Handover	room 1	1	[8, 2, 20]	[8, 2, 25]	6
Handover	room 2	2	[8, 2, 30]	[8, 2, 35]	6
Handover	room 3	3	[9, 2, 0]	[9, 2, 5]	6
Handover	room 4	4	[9, 2, 10]	[9, 2, 15]	6
Handover	room 1	1	[9, 2, 20]	[9, 2, 25]	6
Handover	room 2	2	[9, 2, 30]	[9, 2, 35]	6
Vitals	room 3	3	[9, 2, 60]	[9, 2, 70]	6
Vitals	room 4	4	[9, 2, 75]	[9, 2, 85]	6
Vitals	room 1	1	[9, 2, 90]	[9, 2, 100]	6
Vitals	room 2	2	[9, 2, 105]	[9, 2, 115]	6
Short Break	break room	-10	[9, 2, 120]	[9, 2, 130]	6
Medications	room 3	3	[9, 2, 135]	[9, 2, 145]	6
Medications	room 4	4	[9, 2, 150]	[9, 2, 160]	6
Medications	room 1	1	[9, 2, 165]	[9, 2, 175]	6
Medications	room 2	2	[9, 2, 180]	[9, 2, 190]	6
Long Break	break room	-10	[9, 2, 240]	[9, 2, 300]	6
Vitals	room 3	3	[9, 2, 305]	[9, 2, 315]	6
Vitals	room 4	4	[9, 2, 320]	[9, 2, 330]	6
Vitals	room 1	1	[9, 2, 335]	[9, 2, 345]	6
Vitals	room 2	2	[9, 2, 350]	[9, 2, 360]	6
Short Break	break room	-10	[9, 2, 365]	[9, 2, 375]	6
Handover	room 3	3	[9, 3, 0]	[9, 3, 5]	6
Handover	room 4	4	[9, 3, 10]	[9, 3, 15]	6
Handover	room 1	1	[9, 3, 20]	[9, 3, 25]	6
Handover	room 2	2	[9, 3, 30]	[9, 3, 35]	6
Handover	room 3	3	[11, 1, 0]	[11, 1, 5]	6
Handover	room 4	4	[11, 1, 10]	[11, 1, 15]	6
Handover	room 1	1	[11, 1, 20]	[11, 1, 25]	6
Handover	room 2	2	[11, 1, 30]	[11, 1, 35]	6
Vitals	room 3	3	[11, 1, 60]	[11, 1, 70]	6
Vitals	room 4	4	[11, 1, 75]	[11, 1, 85]	6
Vitals	room 1	1	[11, 1, 90]	[11, 1, 100]	6
Vitals	room 2	2	[11, 1, 105]	[11, 1, 115]	6
Short Break	break room	-10	[11, 1, 120]	[11, 1, 130]	6
Medications	room 3	3	[11, 1, 135]	[11, 1, 145]	6
Medications	room 4	4	[11, 1, 150]	[11, 1, 160]	6
Medications	room 1	1	[11, 1, 165]	[11, 1, 175]	6
Medications	room 2	2	[11, 1, 180]	[11, 1, 190]	6
Long Break	break room	-10	[11, 1, 240]	[11, 1, 300]	6
Vitals	room 3	3	[11, 1, 305]	[11, 1, 315]	6
Vitals	room 4	4	[11, 1, 320]	[11, 1, 330]	6
Vitals	room 1	1	[11, 1, 335]	[11, 1, 345]	6
Vitals	room 2	2	[11, 1, 350]	[11, 1, 360]	6
Short Break	break room	-10	[11, 1, 365]	[11, 1, 375]	6
Handover	room 3	3	[11, 2, 0]	[11, 2, 5]	6
Handover	room 4	4	[11, 2, 10]	[11, 2, 15]	6
Handover	room 1	1	[11, 2, 20]	[11, 2, 25]	6
Handover	room 2	2	[11, 2, 30]	[11, 2, 35]	6
Handover	room 3	3	[13, 3, 0]	[13, 3, 5]	6
Handover	room 4	4	[13, 3, 10]	[13, 3, 15]	6
Handover	room 1	1	[13, 3, 20]	[13, 3, 25]	6
Handover	room 2	2	[13, 3, 30]	[13, 3, 35]	6
Bath	room 3	3	[13, 3, 40]	[13, 3, 70]	6
Vitals	room 3	3	[13, 3, 75]	[13, 3, 85]	6
Vitals	room 4	4	[13, 3, 90]	[13, 3, 100]	6
Vitals	room 1	1	[13, 3, 105]	[13, 3, 115]	6
Short Break	break room	-10	[13, 3, 120]	[13, 3, 130]	6
Vitals	room 2	2	[13, 3, 135]	[13, 3, 145]	6
Medications	room 3	3	[13, 3, 150]	[13, 3, 160]	6
Medications	room 4	4	[13, 3, 165]	[13, 3, 175]	6
Medications	room 1	1	[13, 3, 180]	[13, 3, 190]	6
Medications	room 2	2	[13, 3, 195]	[13, 3, 205]	6
Bath	room 4	4	[13, 3, 210]	[13, 3, 240]	6
Long Break	break room	-10	[13, 3, 245]	[13, 3, 305]	6
Vitals	room 3	3	[13, 3, 310]	[13, 3, 320]	6
Vitals	room 4	4	[13, 3, 325]	[13, 3, 335]	6
Vitals	room 1	1	[13, 3, 340]	[13, 3, 350]	6
Vitals	room 2	2	[13, 3, 355]	[13, 3, 365]	6
Short Break	break room	-10	[13, 3, 370]	[13, 3, 380]	6
Bath	room 1	1	[13, 3, 385]	[13, 3, 415]	6
Bath	room 2	2	[13, 3, 420]	[13, 3, 450]	6
Handover	room 3	3	[14, 1, 0]	[14, 1, 5]	6
Handover	room 4	4	[14, 1, 10]	[14, 1, 15]	6
Handover	room 1	1	[14, 1, 20]	[14, 1, 25]	6
Handover	room 2	2	[14, 1, 30]	[14, 1, 35]	6
